variant,n,t_mean,t_std,gflops
c_00,256,0.045779400000000005,0.00011639072127966242,0.733
c_00,512,0.3831076,0.000566652715514548,0.7005999999999999
c_00,1024,3.1317276,0.008198412151142394,0.6858000000000001
c_02,256,0.0344758,6.432106964284688e-05,0.9734
c_02,512,0.7408724,0.006939810249567334,0.36239999999999994
c_02,1024,5.9702006,0.01445718908709422,0.3598
c_03,256,0.0330684,7.608416392390746e-05,1.015
c_03,512,0.7406598,0.0013323425610555254,0.36239999999999994
c_03,1024,5.971258199999999,0.007225108974956329,0.3594
numpy,256,0.000358,8.668044762228677e-05,98.7116
numpy,512,0.0035172000000000003,0.0017064306900662564,99.1828
numpy,1024,0.024715400000000002,0.007766358367986891,95.497
numpy,2048,0.069718,0.004385995155036078,247.1728
numpy_1hilo,256,0.0007466,0.0001372854690052811,46.2744
numpy_1hilo,512,0.005494799999999999,0.0005203697723734534,49.2144
numpy_1hilo,1024,0.0421246,0.002745680753474446,51.1416
numpy_1hilo,2048,0.32152379999999997,0.0004985897110851556,53.4328
py_puro,64,0.014962,4.286023798347286e-05,0.03504
py_puro,128,0.1246322,0.000450539343454047,0.033639999999999996
py_puro,256,0.9495878,0.004469163646589816,0.035339999999999996
